Rank,Player,Team within selected timeframe,League,Main Position,Age,Minutes played,rating,_template,z_Goalscoring,z_Chance_Creation,z_Dribbling,z_Defending,z_Passing,league_multiplier,rating_adjusted,tm_player_id,player_id,current_club_name,contract_expires,age_effect,club_tier,contract_days_left,contract_months_left,log_contract,league_fee_mult,league_fee_mult_log,predicted_log_value,predicted_value
1,K. Mbappé,Real Madrid,La Liga,CF,27,2231,1.5356515726608986,Striker,1.5754332471656207,2.1720808944634,1.0673603099375994,-0.5110816086544562,,0.849,1.0445632946485293,342229,342229,Real Madrid,2029-06-30,0.0,18.307352058645364,1164.0,38.23915900131406,3.669675202288949,0.779,-0.24974423311138874,18.635226039140946,123929825.39513223
2,E. Haaland,Manchester City,Premier League,CF,25,2664,0.8342378608679522,Striker,1.2322092224341143,-0.02688977346833354,0.05340152519721765,1.462736092326777,,1.0,0.8342378608679522,418560,418560,Manchester City,2034-06-30,0.027139890551832538,18.080200485933613,2990.0,98.22601839684626,4.59740026212713,1.0,0.0,18.477065926543688,105800513.0418656
3,Vinícius Júnior,Real Madrid,La Liga,CF,25,2363,1.0994380642853105,Striker,0.635315353625179,2.471118916497171,1.9509226082125406,-0.984904615155147,,0.849,0.6083497862729412,371998,371998,Real Madrid,2027-06-30,0.027139890551832538,18.307352058645364,433.0,14.224704336399475,2.7229193937948835,0.779,-0.24974423311138874,18.476943811902295,105787594.03897211
4,V. Gyökeres,Arsenal,Premier League,CF,27,2099,0.2770216759587423,Striker,0.5130694478790587,0.019424305985789064,0.03971179178897394,-0.8144945669333893,,1.0,0.2770216759587423,325443,325443,Arsenal FC,2030-06-30,0.0,18.09650756291817,1529.0,50.22996057818659,3.936324528444404,1.0,0.0,18.27604054761406,86533358.7298285
5,H. Ekitiké,Liverpool,Premier League,CF,23,2000,0.7478883732162291,Striker,0.6444493554184809,1.3469684263687833,0.7791232183771295,-0.5730723339405571,,1.0,0.7478883732162291,709726,709726,Liverpool FC,2031-06-30,-0.13654834066186053,18.028131861110747,1894.0,62.22076215505913,4.146632762315233,1.0,0.0,18.247622022786473,84108822.37133701
6,João Pedro,Chelsea,Premier League,CF,24,2534,0.7212372473466604,Striker,0.47948339338151613,1.5630827746829954,0.7054060032072936,0.04481001989663729,,1.0,0.7212372473466604,626724,626724,Chelsea FC,2033-06-30,-0.028063848898582208,17.78310341454723,2625.0,86.23521681997372,4.468608111998757,1.0,0.0,18.135021469588246,75151863.39928965
7,Ferrán Torres,Barcelona,La Liga,CF,26,1711,0.5417331713325294,Striker,1.0010846023190811,0.27816029793607416,-1.312265367386534,0.2511560015044073,,0.849,0.05064489332016009,398184,398184,FC Barcelona,2027-06-30,0.03463659956086587,18.05233076843313,433.0,14.224704336399475,2.7229193937948835,0.779,-0.24974423311138874,18.110849397907522,73357066.53860804
8,Mikel Merino,Arsenal,Premier League,CF,29,1153,0.14208653859988835,Striker,-0.3211185597006275,1.1424393563449868,0.131899227134741,1.2563059718554637,,1.0,0.14208653859988835,338424,338424,Arsenal FC,2028-06-30,-0.17337823734550056,18.09650756291817,799.0,26.248357424441522,3.3049932412903154,1.0,0.0,18.059201187507682,69664483.78271972
9,Gonçalo Ramos,PSG,Ligue 1,CF,24,1173,0.7758890830648613,Striker,0.6993945193245747,1.3463189936556814,-0.0510760238268505,0.9895398556281536,,0.856,0.3094343745436763,550550,550550,Paris Saint-Germain,2028-06-30,-0.028063848898582208,17.88209232320902,799.0,26.248357424441522,3.3049932412903154,0.583,-0.5395680926316447,18.00527877407437,66007489.71445842
10,Matheus Cunha,Manchester United,Premier League,CF,26,2275,0.28032969668752594,Striker,-0.41064306040762605,1.4743253864407357,1.8607891978910591,-0.055871736685707496,,1.0,0.28032969668752594,517894,517894,Manchester United,2030-06-30,0.03463659956086587,17.47907220409392,1529.0,50.22996057818659,3.936324528444404,1.0,0.0,17.766404342928382,51981806.63532001
11,L. Martínez,Internazionale,Italian Serie A,CF,28,1983,0.8614581062662926,Striker,1.1603870272276207,0.5140891772457806,-0.06243150383821505,0.8104949119827456,,0.871,0.44711819987738977,406625,406625,Inter Milan,2029-06-30,-0.07119618625928288,17.429426973604755,1164.0,38.23915900131406,3.669675202288949,0.841,-0.17316361900918903,17.656510156044284,46572004.46649907
12,M. Thuram,Internazionale,Italian Serie A,CF,28,1561,0.8284919534321572,Striker,0.7847055775687967,1.0210716503092439,0.5591456888960056,1.07851582949308,,0.871,0.41415204704325437,318528,318528,Inter Milan,2028-06-30,-0.07119618625928288,17.429426973604755,799.0,26.248357424441522,3.3049932412903154,0.841,-0.17316361900918903,17.623451466446475,45057565.63068417
13,J. David,Juventus,Italian Serie A,CF,26,1559,0.47559140024335417,Striker,0.5745960430765751,0.8912829522981218,-0.6997616393392164,0.07448020002399422,,0.871,0.06125149385445133,533738,533738,Juventus FC,2030-06-30,0.03463659956086587,17.33554861684095,1529.0,50.22996057818659,3.936324528444404,0.841,-0.17316361900918903,17.573402218347887,42857971.498699
14,Richarlison,Tottenham Hotspur,Premier League,CF,28,1706,0.3443201032916346,Striker,0.36119462194405244,0.3860391372452446,0.22956272009590628,0.22133902869205493,,1.0,0.3443201032916346,378710,378710,Tottenham Hotspur,2027-06-30,-0.07119618625928288,17.367846568983698,433.0,14.224704336399475,2.7229193937948835,1.0,0.0,17.52143289276139,40687557.56586828
15,N. Woltemade,Newcastle United,Premier League,CF,24,1834,-0.16527787397541693,Striker,0.06704303171955839,-0.6173334606664314,-0.8149845195519079,0.3868278012968947,,1.0,-0.16527787397541693,455661,455661,Newcastle United,2031-07-01,-0.028063848898582208,17.37085861945369,1895.0,62.253613666228645,4.147152259038502,1.0,0.0,17.516229684582235,40476401.55428698
16,L. Suárez,Sporting CP,Primeira Liga,CF,28,2286,1.6333638857403159,Striker,1.7079669270087385,2.0968081103884613,1.07340725002916,0.0788668046173965,,0.703,0.5761687242258993,424784,424784,Sporting CP,2030-06-30,-0.07119618625928288,17.167008271074156,1529.0,50.22996057818659,3.936324528444404,0.611,-0.49265831981054176,17.46341139888556,38393986.31392015
17,J. Álvarez,Atlético Madrid,La Liga,CF,26,2049,0.26473206752380646,Striker,-0.3213394644211699,2.0291672990775425,0.6832583266555696,-1.183274525559925,,0.849,-0.22635621048856286,576024,576024,Atlético de Madrid,2030-06-30,0.03463659956086587,17.261256315887497,1529.0,50.22996057818659,3.936324528444404,0.779,-0.24974423311138874,17.427393887340862,37035737.6671927
18,H. Kane,Bayern München,Bundesliga,CF,32,2284,1.450534283746972,Striker,2.0400649714213874,0.12661561381781644,1.1220194292656955,0.9184011080075722,,0.84,0.9274741223126385,132098,132098,Bayern Munich,2027-06-30,-0.6101023608509406,17.56085374023548,433.0,14.224704336399475,2.7229193937948835,0.692,-0.36816932336446756,17.395950200308377,35889315.84207584
19,R. Kolo Muani,Tottenham Hotspur,Premier League,CF,27,1355,0.002387396274220001,Striker,-0.6388797176020712,1.2234822369628167,1.1837305305917933,-0.1907399824761101,,1.0,0.002387396274220001,487969,487969,Tottenham Hotspur,2026-06-30,0.0,17.367846568983698,68.0,2.2339027595269383,1.17368969252937,1.0,0.0,17.38372745512949,35453319.841871426
20,B. Šeško,Manchester United,Premier League,CF,22,1546,-0.15241799596557082,Striker,0.4046344275014699,-1.6670201380322305,-0.7101857321965704,0.89394938662562,,1.0,-0.15241799596557082,627442,627442,Manchester United,2030-06-30,-0.30388730660948465,17.47907220409392,1529.0,50.22996057818659,3.936324528444404,1.0,0.0,17.379373503067782,35299293.342171535
1,B. Saka,Arsenal,Premier League,RAMF,24,2222,0.9586701390367467,Winger,0.5670844612031487,1.740453080173162,1.6199442039002228,0.4425724418050217,-0.18043732741058865,1.0,0.9586701390367467,433177,433177,Arsenal FC,2027-06-30,-0.08504956501947168,18.09650756291817,433.0,14.224704336399475,2.7229193937948835,1.0,0.0,18.25991186110643,85148884.2045598
2,J. Doku,Manchester City,Premier League,LW,23,1357,0.9440205771195966,Winger,-0.014788459892503103,1.3374982194905762,1.7127318226432837,-0.3999217798502035,2.0735559188721164,1.0,0.9440205771195966,486049,486049,Manchester City,2028-06-30,-0.15341437028339078,18.080200485933613,799.0,26.248357424441522,3.3049932412903154,1.0,0.0,18.225706525317527,82285587.2130268
3,C. Gakpo,Liverpool,Premier League,LAMF,26,2349,0.3429321644594091,Winger,0.4159644947795465,-0.11785999180541269,0.9428496911868143,0.37891232307113143,0.482196793310753,1.0,0.3429321644594091,434675,434675,Liverpool FC,2030-06-30,-0.0035513966450471572,18.028131861110747,1529.0,50.22996057818659,3.936324528444404,1.0,0.0,18.180670243453086,78661960.1124632
4,Raphinha,Barcelona,La Liga,LAMF,29,1396,0.8954211960419267,Winger,1.6697269755373676,1.0315672591047207,-0.9341987398494995,0.8526070805124066,0.6603068921615763,0.849,0.4043329180295574,411295,411295,FC Barcelona,2028-06-30,-0.09124749795788151,18.05233076843313,799.0,26.248357424441522,3.3049932412903154,0.779,-0.24974423311138874,18.093144532063782,72069719.29965545
5,Pedro Neto,Chelsea,Premier League,RAMF,26,2425,0.3509597663576042,Winger,-0.05169564084629899,0.71005433502233,0.26661380032122517,-1.297904168397861,1.206267190125461,1.0,0.3509597663576042,487465,487465,Chelsea FC,2031-06-30,-0.0035513966450471572,17.78310341454723,1894.0,62.22076215505913,4.146632762315233,1.0,0.0,17.98318797931556,64565319.794637635
6,Gabriel Martinelli,Arsenal,Premier League,LAMF,24,1001,-0.08580937669719814,Winger,0.5216206487866526,0.16324322860605542,-0.08202779904955049,0.09413708031452668,-2.0650150434175796,1.0,-0.08580937669719814,655488,655488,Arsenal FC,2027-06-30,-0.08504956501947168,18.09650756291817,433.0,14.224704336399475,2.7229193937948835,1.0,0.0,17.979394596475494,64320862.77114397
7,B. Barcola,PSG,Ligue 1,LWF,23,1437,1.0343305793020692,Winger,1.7755837835595498,0.7148522297824274,-0.23052653327623504,1.0067789517535188,1.217737456835052,0.856,0.5678758707808842,708265,708265,Paris Saint-Germain,2028-06-30,-0.15341437028339078,17.88209232320902,799.0,26.248357424441522,3.3049932412903154,0.583,-0.5395680926316447,17.923786450675138,60841729.42103446
8,K. Kvaratskhelia,PSG,Ligue 1,LWF,25,1246,0.5035246335718643,Winger,0.6733820233715802,-0.01874203316618957,0.5345574766635501,1.8070768153055246,0.6861738205123958,0.856,0.0370699250506793,502670,502670,Paris Saint-Germain,2029-06-30,-0.033498246062447425,17.88209232320902,1164.0,38.23915900131406,3.669675202288949,0.583,-0.5395680926316447,17.901360790772383,59492498.72815238
9,A. Garnacho,Chelsea,Premier League,LAMF,21,1248,0.8121968092040921,Winger,0.22180106002619732,0.9736548981288383,0.9133374400287593,-0.9322927548249537,2.3472266032880356,1.0,0.8121968092040921,811779,811779,Chelsea FC,2032-06-30,-0.3214205068009971,17.78310341454723,2260.0,74.24441524310117,4.320741684836316,1.0,0.0,17.86433500796111,57330023.10838293
10,L. Trossard,Arsenal,Premier League,LAMF,31,1827,0.10876945484574069,Winger,0.49434192385135234,-0.21913252709779127,-0.05946168860343512,0.45507243956529025,-0.08229886040429653,1.0,0.10876945484574069,144028,144028,Arsenal FC,2027-06-30,-0.3455686057979249,18.09650756291817,433.0,14.224704336399475,2.7229193937948835,1.0,0.0,17.82324682988258,55022174.23649052
11,Lee Kang-In,PSG,Ligue 1,RWF,25,1273,0.27338090971082774,Winger,-0.4704337116636881,0.9792473147837035,-0.4509161110867864,0.6440129366125115,1.1979685612693327,0.856,-0.19307379881035724,557149,557149,Paris Saint-Germain,2028-06-30,-0.033498246062447425,17.88209232320902,799.0,26.248357424441522,3.3049932412903154,0.583,-0.5395680926316447,17.81534585642508,54589158.374286935
12,Lamine Yamal,Barcelona,La Liga,RAMF,18,2244,0.8167366694125967,Winger,1.4315644985895735,1.012759395703559,0.21431985263318679,-0.6881990261091252,0.09415499737104291,0.849,0.3256483914002274,937958,937958,FC Barcelona,2031-06-30,-0.5797562780608897,18.05233076843313,1894.0,62.22076215505913,4.146632762315233,0.779,-0.24974423311138874,17.737084176658072,50479818.29559026
13,M. Rashford,Barcelona,La Liga,LAMF,28,1489,-0.22753140494449736,Winger,0.20584856462150464,0.12711657570591042,-0.9596401507901802,-1.2517014198009182,-0.874548544434828,0.849,-0.7186196829568667,258923,258923,FC Barcelona,2026-06-30,-0.027635039360035075,18.05233076843313,68.0,2.2339027595269383,1.17368969252937,0.779,-0.24974423311138874,17.700979006821022,48689745.77372323
14,M. Olise,Bayern München,Bundesliga,RAMF,24,2174,0.9660834724923524,Winger,1.1757034018225727,0.8776295498043641,0.47998848132291694,0.4331160073240718,1.3176289623233437,0.84,0.44302331105801895,566723,566723,Bayern Munich,2029-06-30,-0.08504956501947168,17.56085374023548,1164.0,38.23915900131406,3.669675202288949,0.692,-0.36816932336446756,17.698076795499812,48548642.6968261
15,L. Díaz,Bayern München,Bundesliga,LAMF,29,2294,0.7245553314000132,Winger,1.7624169129868505,0.18469582817299504,-0.31184957288706744,-0.110959168532559,0.6975070517493669,0.84,0.20149516996567973,480692,480692,Bayern Munich,2029-06-30,-0.09124749795788151,17.56085374023548,1164.0,38.23915900131406,3.669675202288949,0.692,-0.36816932336446756,17.62825113042287,45274346.62711444
16,A. Gordon,Newcastle United,Premier League,LWF,25,1885,0.640012820234102,Winger,0.5731185064645121,0.3687808639964847,1.683870303366211,-0.3808380641331202,0.6349896098286785,1.0,0.640012820234102,503733,503733,Newcastle United,,-0.033498246062447425,17.37085861945369,,14.224704336399475,2.7229193937948835,1.0,0.0,17.58300388508109,43271461.377195925
17,M. Kudus,Tottenham Hotspur,Premier League,RAMF,25,1658,0.23989279384392173,Winger,-0.49436402239388755,1.126147161749134,-0.08526072575437849,-0.8513902061515528,0.8695644821851771,1.0,0.23989279384392173,543499,543499,Tottenham Hotspur,2031-06-30,-0.033498246062447425,17.367846568983698,1894.0,62.22076215505913,4.146632762315233,1.0,0.0,17.567413136322415,42602058.69827095
18,H. Barnes,Newcastle United,Premier League,LWF,28,1874,0.1583108374652087,Winger,0.45995217735291294,-0.10844021585501262,-0.1659721066776133,-1.5806057156606903,0.8919049462191296,1.0,0.1583108374652087,398065,398065,Newcastle United,2028-06-30,-0.027635039360035075,17.37085861945369,799.0,26.248357424441522,3.3049932412903154,1.0,0.0,17.4969567081922,39703770.19164149
19,Francisco Conceicão,Juventus,Italian Serie A,RW,23,1549,0.6340565679617631,Winger,0.744365768542736,0.21624227005677313,0.8211687371859291,-0.46006433194061974,1.3898918264927687,0.871,0.2197166615728603,487474,487474,Juventus FC,2030-06-30,-0.15341437028339078,17.33554861684095,1529.0,50.22996057818659,3.936324528444404,0.841,-0.17316361900918903,17.414900966084772,36575931.2557688
20,Mohamed Salah,Liverpool,Premier League,RAMF,33,2044,0.04880317191296338,Winger,0.6918148066435474,0.30626025748703156,-1.0977352781734953,-1.5573163767979201,-0.284559847283116,1.0,0.04880317191296338,148455,148455,Liverpool FC,2027-06-30,-0.8012911893819633,18.028131861110747,433.0,14.224704336399475,2.7229193937948835,1.0,0.0,17.38297489266828,35426649.041213654
1,R. Cherki,Manchester City,Premier League,AMF,22,1464,1.0150728559394042,Attacking Midfielder,0.0008780959073284878,2.1089195029213754,0.16519903596599608,-0.6703917309099072,1.63625387717241,1.0,1.0150728559394042,607223,607223,Manchester City,2030-06-30,-0.054483260668953135,18.080200485933613,1529.0,50.22996057818659,3.936324528444404,1.0,0.0,18.20812280915179,80851347.38976884
2,J. Bellingham,Real Madrid,La Liga,LCMF,22,1427,0.8643344225637162,Attacking Midfielder,0.9530186214988617,0.28433937325311004,0.7501078385690234,1.7723745950195733,1.3715637159577625,0.849,0.37324614455134686,581678,581678,Real Madrid,2029-06-30,-0.054483260668953135,18.307352058645364,1164.0,38.23915900131406,3.669675202288949,0.779,-0.24974423311138874,18.203007614463843,80438832.95237727
3,A. Güler,Real Madrid,La Liga,RCMF,21,1970,0.8753216616019671,Attacking Midfielder,0.4414503307685886,1.1926769431158353,0.4192835613834373,0.2406620044492136,1.407637961180063,0.849,0.3842333835895978,861410,861410,Real Madrid,2029-06-30,-0.12811662093835985,18.307352058645364,1164.0,38.23915900131406,3.669675202288949,0.779,-0.24974423311138874,18.14705437509288,76061621.20792066
4,M. Ødegaard,Arsenal,Premier League,RCMF,27,1184,0.4404177723370603,Attacking Midfielder,-0.7264307581724417,1.6212827447552904,-0.3818777789230693,-1.3902486893376769,1.1589457402094694,1.0,0.4404177723370603,316264,316264,Arsenal FC,2028-06-30,0.0,18.09650756291817,799.0,26.248357424441522,3.3049932412903154,1.0,0.0,18.069683709458623,70398584.15269436
5,Fermín López,Barcelona,La Liga,AMF,22,1464,0.9952512616137555,Attacking Midfielder,0.9971817173743313,1.821411765236549,0.7199337109647103,-0.5789142585766314,0.4717988459928634,0.849,0.5041629836013862,636703,636703,FC Barcelona,2029-06-30,-0.054483260668953135,18.05233076843313,1164.0,38.23915900131406,3.669675202288949,0.779,-0.24974423311138874,18.015860159385255,66709648.752732165
6,E. Eze,Arsenal,Premier League,AMF,27,1679,0.1267423987442232,Attacking Midfielder,0.5855170553904082,0.24724397057705158,0.6752174900955583,-0.9881267385810751,-0.3744066497839759,1.0,0.1267423987442232,479999,479999,Arsenal FC,2029-06-30,0.0,18.09650756291817,1164.0,38.23915900131406,3.669675202288949,1.0,0.0,18.009644419310554,66296284.92753049
7,T. Reijnders,Manchester City,Premier League,RCMF,27,1653,0.06687348718968306,Attacking Midfielder,0.35941884489349646,-0.2702291833100159,-0.49411776876000457,-0.8015110891929014,1.0058093796005254,1.0,0.06687348718968306,460939,460939,Manchester City,2030-06-30,0.0,18.080200485933613,1529.0,50.22996057818659,3.936324528444404,1.0,0.0,17.997048323900096,65466447.92218288
8,Dani Olmo,Barcelona,La Liga,AMF,27,1647,0.6792977398604083,Attacking Midfielder,1.0968431826994036,0.9194505577040788,0.11179224599888438,0.0011674353145734897,0.3599164042889207,0.849,0.188209461848039,293385,293385,FC Barcelona,2030-06-30,0.0,18.05233076843313,1529.0,50.22996057818659,3.936324528444404,0.779,-0.24974423311138874,17.992287024601914,65155483.45455006
9,P. Foden,Manchester City,Premier League,LCMF,25,1988,0.20524669635279408,Attacking Midfielder,0.6795061603163132,0.26657878222778264,-0.2619180708931817,-0.6634183437576922,0.17300611979539626,1.0,0.20524669635279408,406635,406635,Manchester City,2027-06-30,0.04364539867703761,18.080200485933613,433.0,14.224704336399475,2.7229193937948835,1.0,0.0,17.98858921256045,64914995.63667076
10,F. Wirtz,Liverpool,Premier League,AMF,22,2196,0.13963709417036246,Attacking Midfielder,-0.004471768030057009,0.1253021130531625,-0.06550293789058928,-0.3297736944617794,0.6821347992225335,1.0,0.13963709417036246,598577,598577,Liverpool FC,2030-06-30,-0.054483260668953135,18.028131861110747,1529.0,50.22996057818659,3.936324528444404,1.0,0.0,17.92761642587298,61075198.540789075
11,C. Palmer,Chelsea,Premier League,AMF,23,1568,0.37430775845098907,Attacking Midfielder,1.8538268339303456,-0.12472685481487723,0.5841417889857587,-0.8550886266211928,-0.0919993354142346,1.0,0.37430775845098907,568177,568177,Chelsea FC,2033-06-30,-0.0008614715084175519,17.78310341454723,2625.0,86.23521681997372,4.468608111998757,1.0,0.0,17.855269909974226,56812669.30560719
12,E. Fernández,Chelsea,Premier League,AMF,25,2882,0.2482865634334527,Attacking Midfielder,0.6796174197405955,0.2932085418678104,-1.9306280604292405,-0.10562667283676584,0.8969234608558542,1.0,0.2482865634334527,648195,648195,Chelsea FC,2032-06-30,0.04364539867703761,17.78310341454723,2260.0,74.24441524310117,4.320741684836316,1.0,0.0,17.847213864702525,56356822.496305116
13,João Neves,PSG,Ligue 1,RCMF,21,1098,0.5902049461221309,Attacking Midfielder,1.4583065279433634,-0.5366979051051931,-0.6936959059051608,1.7795067640671827,1.524457475534527,0.856,0.12375023760094594,670681,670681,Paris Saint-Germain,2029-06-30,-0.12811662093835985,17.88209232320902,1164.0,38.23915900131406,3.669675202288949,0.583,-0.5395680926316447,17.691238379482854,48217779.46060475
14,B. Mbeumo,Manchester United,Premier League,AMF,26,2390,0.2225206770816824,Attacking Midfielder,0.908101908697093,0.7733248973444713,0.14219144568866954,-1.2013853252984643,-0.8462456310108813,1.0,0.2225206770816824,413039,413039,Manchester United,2030-06-30,0.03317948229745576,17.47907220409392,1529.0,50.22996057818659,3.936324528444404,1.0,0.0,17.54137566845164,41507125.4665487
15,Bernardo Silva,Manchester City,Premier League,RCMF,31,2439,0.09176391253363116,Attacking Midfielder,-0.048438278547538016,-0.611651612012735,-0.26297260749580914,0.49315770130270786,1.4746651849714152,1.0,0.09176391253363116,241641,241641,Manchester City,2026-06-30,-0.3733635624135762,18.080200485933613,68.0,2.2339027595269383,1.17368969252937,1.0,0.0,17.52169194036734,40698098.94554835
16,Bruno Guimarães,Newcastle United,Premier League,RCMF,28,2287,0.5904793791630188,Attacking Midfielder,1.2994178459788899,0.1194262631699789,0.012706161725756282,0.4167882928704812,0.9043814004958997,1.0,0.5904793791630188,520624,520624,Newcastle United,2028-06-30,-0.05656854691758036,17.37085861945369,799.0,26.248357424441522,3.3049932412903154,1.0,0.0,17.432168116313036,37212977.51411928
17,P. Sarr,Tottenham Hotspur,Premier League,LCMF,23,1508,-0.007938985137034005,Attacking Midfielder,-0.08223241160373686,-1.1880431584706057,1.054773185134621,1.7917144442579878,0.7189273014467564,1.0,-0.007938985137034005,568693,568693,Tottenham Hotspur,2030-06-30,-0.0008614715084175519,17.367846568983698,1529.0,50.22996057818659,3.936324528444404,1.0,0.0,17.355291280126934,34459362.18792936
18,Bruno Fernandes,Manchester United,Premier League,LCMF,31,2709,0.9770951882594987,Attacking Midfielder,0.5800134923552641,2.017855711536773,-0.5975683845503917,0.22920247210383068,0.8133945368873414,1.0,0.9770951882594987,240306,240306,Manchester United,2027-06-30,-0.3733635624135762,17.47907220409392,433.0,14.224704336399475,2.7229193937948835,1.0,0.0,17.338275655777935,33877974.98616999
19,J. Ramsey,Newcastle United,Premier League,LCMF,24,1260,0.11984703202303129,Attacking Midfielder,0.000692644518445237,-0.4009554804627427,-0.3965073627551064,-0.060134447450582086,1.5283623503797439,1.0,0.11984703202303129,503749,503749,Newcastle United,,0.03207324784099626,17.37085861945369,,14.224704336399475,2.7229193937948835,1.0,0.0,17.33804626006682,33870204.41530886
20,N. Barella,Internazionale,Italian Serie A,RCMF,29,2096,0.6445022314260848,Attacking Midfielder,-0.5213739309020698,1.865174876880036,-1.000593725799104,-0.08064868579485644,1.1507937420149283,0.871,0.23016232503718193,255942,255942,Inter Milan,2029-06-30,-0.13720165715753604,17.429426973604755,1164.0,38.23915900131406,3.669675202288949,0.841,-0.17316361900918903,17.337102785862342,33838263.821075246
1,J. Bellingham,Real Madrid,La Liga,LCMF,22,1427,1.1459122003034863,Central Midfielder,3.0,0.552647045826486,1.1094766358838979,0.4383773311445205,0.7022893751704077,0.849,0.654823922291117,581678,581678,Real Madrid,2029-06-30,-0.13767495604945093,18.307352058645364,1164.0,38.23915900131406,3.669675202288949,0.779,-0.24974423311138874,18.16015194841139,77064396.4946675
2,A. Güler,Real Madrid,La Liga,RCMF,21,1970,1.3134808105341729,Central Midfielder,2.6275341628493383,1.6266531013366519,1.023079947956687,-0.1880726031442134,1.0242384036330856,0.849,0.8223925325218036,861410,861410,Real Madrid,2029-06-30,-0.23652093065373014,18.307352058645364,1164.0,38.23915900131406,3.669675202288949,0.779,-0.24974423311138874,18.126082773762285,74483097.1535125
3,M. Ødegaard,Arsenal,Premier League,RCMF,27,1184,0.6660496867316277,Central Midfielder,-0.29059493831716215,2.7124450590212867,0.06804645791921018,-2.237893727877142,1.4861380005337124,1.0,0.6660496867316277,316264,316264,Arsenal FC,2028-06-30,0.0,18.09650756291817,799.0,26.248357424441522,3.3049932412903154,1.0,0.0,18.078353016448773,71011544.22087863
4,D. Rice,Arsenal,Premier League,LDMF,27,2868,0.5832754673645728,Central Midfielder,0.3117291156493192,0.7601141498798086,-0.38538596645121354,0.8644708906270068,1.0361534725535515,1.0,0.5832754673645728,357662,357662,Arsenal FC,2028-06-30,0.0,18.09650756291817,799.0,26.248357424441522,3.3049932412903154,1.0,0.0,18.056122233318014,69450319.89808948
5,T. Reijnders,Manchester City,Premier League,RCMF,27,1653,0.27304314959060444,Central Midfielder,1.8175392505655228,0.28195938326842507,0.4857673280445231,-1.4051070811177235,-0.09221433351450564,1.0,0.27304314959060444,460939,460939,Manchester City,2030-06-30,0.0,18.080200485933613,1529.0,50.22996057818659,3.936324528444404,1.0,0.0,18.000490627765174,65692191.64523191
6,Pedri,Barcelona,La Liga,LDMF,23,1612,1.0793894109801279,Central Midfielder,0.7987026510057604,1.0507434443267023,-0.04711656233211324,1.439983270622738,1.7921320538148255,0.849,0.5883011329677585,683840,683840,FC Barcelona,2030-06-30,-0.06143236277421458,18.05233076843313,1529.0,50.22996057818659,3.936324528444404,0.779,-0.24974423311138874,17.998667494198898,65572535.11366383
7,P. Foden,Manchester City,Premier League,LCMF,25,1988,0.471391662294659,Central Midfielder,2.8716063450068656,0.9684975772558566,0.15555172178354224,-1.7591857223370246,-0.4180356037506237,1.0,0.471391662294659,406635,406635,Manchester City,2027-06-30,0.01974184038186915,18.080200485933613,433.0,14.224704336399475,2.7229193937948835,1.0,0.0,17.989017158731734,64942781.70555933
8,C. Jones,Liverpool,Premier League,LDMF,25,1565,0.48850493252503224,Central Midfielder,0.1611481021576989,-0.18994007336749638,-0.5357471589716546,-0.025028487649691455,2.3515067097142737,1.0,0.48850493252503224,433188,433188,Liverpool FC,2027-06-30,0.01974184038186915,18.028131861110747,433.0,14.224704336399475,2.7229193937948835,1.0,0.0,17.948223866264026,62346859.89450514
9,A. Mac Allister,Liverpool,Premier League,LDMF,27,2430,0.13651850643621694,Central Midfielder,0.7634721561241805,-0.09587986208318929,-0.6277470114458906,-0.029894720659213354,0.42576120219177493,1.0,0.13651850643621694,534033,534033,Liverpool FC,2028-06-30,0.0,18.028131861110747,799.0,26.248357424441522,3.3049932412903154,1.0,0.0,17.876531433865985,58033525.8763952
10,R. Gravenberch,Liverpool,Premier League,RDMF,23,2817,-0.10735417920047022,Central Midfielder,-0.7423379787920233,-0.5768832246513406,0.09605497025729375,0.7095649950980228,0.2579649116698884,1.0,-0.10735417920047022,478573,478573,Liverpool FC,2028-06-30,-0.06143236277421458,18.028131861110747,799.0,26.248357424441522,3.3049932412903154,1.0,0.0,17.76189049126637,51747697.23609054
11,M. Caicedo,Chelsea,Premier League,LDMF,24,2459,0.015443635478322146,Central Midfielder,-0.44117595180878266,-0.4617644208908797,-0.4811295029762719,0.18528164063605415,1.0539884416553251,1.0,0.015443635478322146,687626,687626,Chelsea FC,2031-06-30,-0.008668360679836165,17.78310341454723,1894.0,62.22076215505913,4.146632762315233,1.0,0.0,17.679344722866922,47647690.68929718
12,F. de Jong,Barcelona,La Liga,RDMF,28,1668,0.42332573746088153,Central Midfielder,-0.7253236088638882,0.47674233703747,-0.7984925854253467,0.6786581406573043,1.868720166757992,0.849,-0.06776254055148778,326330,326330,FC Barcelona,2026-06-30,-0.04990246114720473,18.05233076843313,68.0,2.2339027595269383,1.17368969252937,0.779,-0.24974423311138874,17.648327580883453,46192480.39923341
13,João Neves,PSG,Ligue 1,RCMF,21,1098,0.6883537080239774,Central Midfielder,3.0,-0.15047695420270993,-0.7094523365648931,0.7135308588617089,0.5014446729205297,0.856,0.22189899950279246,670681,670681,Paris Saint-Germain,2029-06-30,-0.23652093065373014,17.88209232320902,1164.0,38.23915900131406,3.669675202288949,0.583,-0.5395680926316447,17.5789497324093,43096387.39456364
14,Andrey Santos,Chelsea,Premier League,LDMF,21,1147,0.017014331576209907,Central Midfielder,0.1611481021576989,-0.8683263610719377,-0.5752801685350525,1.0164247141430478,0.542778478285821,1.0,0.017014331576209907,743600,743600,Chelsea FC,2030-06-30,-0.23652093065373014,17.78310341454723,1529.0,50.22996057818659,3.936324528444404,1.0,0.0,17.483533804551243,39174391.160392046
15,Bruno Fernandes,Manchester United,Premier League,LCMF,31,2709,1.5646125285645829,Central Midfielder,3.0,2.760689705234031,-0.420976611665095,-0.4000385270046905,1.5903694922261717,1.0,1.5646125285645829,240306,240306,Manchester United,2027-06-30,-0.37023852663568113,17.47907220409392,433.0,14.224704336399475,2.7229193937948835,1.0,0.0,17.446636935692336,37755319.42649701
16,Bernardo Silva,Manchester City,Premier League,RCMF,31,2439,-0.0062691202005275,Central Midfielder,0.010567088666078405,-0.176357422289243,-0.12214464404557872,-1.0340745946014709,0.8365588137425,1.0,-0.0062691202005275,241641,241641,Manchester City,2026-06-30,-0.37023852663568113,18.080200485933613,68.0,2.2339027595269383,1.17368969252937,1.0,0.0,17.445934036980617,37728790.58574784
17,Bruno Guimarães,Newcastle United,Premier League,RCMF,28,2287,0.654126862866588,Central Midfielder,1.516377223582282,0.7278923324854186,0.03985867230594658,-0.3567594184931457,0.8656537878274273,1.0,0.654126862866588,520624,520624,Newcastle United,2028-06-30,-0.04990246114720473,17.37085861945369,799.0,26.248357424441522,3.3049932412903154,1.0,0.0,17.40266568148494,36131140.94420165
18,B. Kamara,Aston Villa,Premier League,RDMF,26,1540,0.3009609194039424,Central Midfielder,0.1611481021576989,-0.21814324030266116,-0.02144945903508995,0.753733916446634,0.8536977617453451,1.0,0.3009609194039424,394327,394327,Aston Villa,2030-06-30,0.022923030559086247,17.29096471023292,1529.0,50.22996057818659,3.936324528444404,1.0,0.0,17.33833105033974,33879851.69372841
19,N. Barella,Internazionale,Italian Serie A,RCMF,29,2096,0.7168561575815948,Central Midfielder,-0.12510774528068938,2.116540824005473,-0.6098219887028999,-0.5418999339448392,1.5420031561341014,0.871,0.302516251192692,255942,255942,Inter Milan,2029-06-30,-0.12765956273434306,17.429426973604755,1164.0,38.23915900131406,3.669675202288949,0.841,-0.17316361900918903,17.312239357671878,33007301.669631567
20,J. Ramsey,Newcastle United,Premier League,LCMF,24,1260,0.09354579882168276,Central Midfielder,0.1611481021576989,0.2123760779971231,-0.23716236454465187,-0.1259654597143489,0.2507653301188493,1.0,0.09354579882168276,503749,503749,Newcastle United,,-0.008668360679836165,17.37085861945369,,14.224704336399475,2.7229193937948835,1.0,0.0,17.246461690626695,30906024.50386019
1,A. Tchouaméni,Real Madrid,La Liga,DMF,26,2353,0.7271298366296821,Defensive Midfielder,,-0.6260640254595975,-0.16462200948783107,1.047334557460805,1.0081871329541476,0.849,0.2360415586173128,413112,413112,Real Madrid,2028-06-30,0.08951248906286019,18.307352058645364,799.0,26.248357424441522,3.3049932412903154,0.779,-0.24974423311138874,18.26734018406028,85783752.70036791
2,Pedri,Barcelona,La Liga,LDMF,23,1612,1.4383353701443795,Defensive Midfielder,,1.814418373899697,0.7879302942177616,1.1774698556098206,1.7351732134049433,0.849,0.9472470921320102,683840,683840,FC Barcelona,2030-06-30,0.06273777181007627,18.05233076843313,1529.0,50.22996057818659,3.936324528444404,0.779,-0.24974423311138874,18.256525971465656,84861067.01319863
3,D. Rice,Arsenal,Premier League,LDMF,27,2868,1.0455778271827716,Defensive Midfielder,,3.0,1.2062822003944682,0.6562140041485981,0.857489535830442,1.0,1.0455778271827716,357662,357662,Arsenal FC,2028-06-30,0.0,18.09650756291817,799.0,26.248357424441522,3.3049932412903154,1.0,0.0,18.242407539901862,83671379.86606693
4,E. Camavinga,Real Madrid,La Liga,DMF,23,1285,0.5468786357268526,Defensive Midfielder,,-0.2634366756575365,0.07830500681373226,0.2881460348307214,1.092991896585345,0.849,0.05579035771448326,640428,640428,Real Madrid,2029-06-30,0.06273777181007627,18.307352058645364,1164.0,38.23915900131406,3.669675202288949,0.779,-0.24974423311138874,18.221715971408095,81957876.4499037
5,C. Jones,Liverpool,Premier League,LDMF,25,1565,0.9080016759476831,Defensive Midfielder,,0.10031355119173065,-0.19877608458666626,0.03851192278264309,2.1474216812896683,1.0,0.9080016759476831,433188,433188,Liverpool FC,2027-06-30,0.1341648826789468,18.028131861110747,433.0,14.224704336399475,2.7229193937948835,1.0,0.0,18.214547218074884,81372441.57619438
6,Nico González,Manchester City,Premier League,DMF,24,1531,0.2571104192409888,Defensive Midfielder,,-0.4252170754126585,0.09647325856620616,-0.13745031184017792,0.8130922227691172,1.0,0.2571104192409888,466805,466805,Manchester City,2029-06-30,0.12741927790807905,18.080200485933613,1164.0,38.23915900131406,3.669675202288949,1.0,0.0,18.142568397601863,75721174.67592001
7,Rodri,Manchester City,Premier League,DMF,29,1389,1.50838596680654,Defensive Midfielder,,0.7120647203054765,-0.1932480348079913,1.285391834573715,2.3279946445391606,1.0,1.50838596680654,357565,357565,Manchester City,2027-06-30,-0.2874536527053181,18.080200485933613,433.0,14.224704336399475,2.7229193937948835,1.0,0.0,18.083902668213078,71406729.11756721
8,Martín Zubimendi,Arsenal,Premier League,DMF,27,2878,0.27427308677728973,Defensive Midfielder,,-0.5114376179220151,-0.02723324385402945,0.1861047403097995,0.6232246487689996,1.0,0.27427308677728973,423440,423440,Arsenal FC,2030-06-30,0.0,18.09650756291817,1529.0,50.22996057818659,3.936324528444404,1.0,0.0,18.07716035206429,70926901.76625307
9,Vitinha,PSG,Ligue 1,DMF,26,2130,1.1227355119698135,Defensive Midfielder,,0.818915236400899,0.465309868089691,0.08744819071029825,2.2689233979341488,0.856,0.6562808034486285,487469,487469,Paris Saint-Germain,2029-06-30,0.08951248906286019,17.88209232320902,1164.0,38.23915900131406,3.669675202288949,0.583,-0.5395680926316447,18.01855163979993,66889438.307318546
10,R. Gravenberch,Liverpool,Premier League,RDMF,23,2817,0.20802795546242348,Defensive Midfielder,,-0.4724310324414615,0.5429044750904515,0.4343656054920191,0.0963781287554916,1.0,0.20802795546242348,478573,478573,Liverpool FC,2028-06-30,0.06273777181007627,18.028131861110747,799.0,26.248357424441522,3.3049932412903154,1.0,0.0,18.00804897374922,66190597.14597937
11,A. Mac Allister,Liverpool,Premier League,LDMF,27,2430,-0.025773081299175833,Defensive Midfielder,,-0.19529562872104078,-0.42962358625680774,-0.19015112531653994,0.26140097031089193,1.0,-0.025773081299175833,534033,534033,Liverpool FC,2028-06-30,0.0,18.028131861110747,799.0,26.248357424441522,3.3049932412903154,1.0,0.0,17.89506870610983,59119342.08707235
12,M. Caicedo,Chelsea,Premier League,LDMF,24,2459,0.15795085426813132,Defensive Midfielder,,-0.6838787029407283,-0.38362226289891727,-0.26799832944726865,0.8765070586130832,1.0,0.15795085426813132,687626,687626,Chelsea FC,2031-06-30,0.12741927790807905,17.78310341454723,1894.0,62.22076215505913,4.146632762315233,1.0,0.0,17.888607541095226,58738593.626190685
13,F. de Jong,Barcelona,La Liga,RDMF,28,1668,1.2563457496682577,Defensive Midfielder,,1.697111300193763,1.1578612333337013,0.5923558755755644,1.7517666309516269,0.849,0.7652574716558884,326330,326330,FC Barcelona,2026-06-30,-0.127834681569453,18.05233076843313,68.0,2.2339027595269383,1.17368969252937,0.779,-0.24974423311138874,17.871833990925076,57761555.98156881
14,Andrey Santos,Chelsea,Premier League,LDMF,21,1147,0.43653029546592204,Defensive Midfielder,,-0.6448721174601747,0.7105346771741308,0.7356728081681412,0.37663010465595237,1.0,0.43653029546592204,743600,743600,Chelsea FC,2030-06-30,-0.26658455612805765,17.78310341454723,1529.0,50.22996057818659,3.936324528444404,1.0,0.0,17.634278069010534,45548036.26068166
15,B. Kamara,Aston Villa,Premier League,RDMF,26,1540,0.36830629071137433,Defensive Midfielder,,-0.3718403995138788,-0.4896024729953299,0.46469845451110303,0.6834770108696011,1.0,0.36830629071137433,394327,394327,Aston Villa,2030-06-30,0.08951248906286019,17.29096471023292,1529.0,50.22996057818659,3.936324528444404,1.0,0.0,17.47181145209001,38717856.19944594
16,S. Tonali,Newcastle United,Premier League,DMF,25,2276,-0.08226696436485564,Defensive Midfielder,,0.34870877407569933,0.5210656382793327,-0.47492276900538466,0.00272977942442134,1.0,-0.08226696436485564,397033,397033,Newcastle United,2028-06-30,0.1341648826789468,17.37085861945369,799.0,26.248357424441522,3.3049932412903154,1.0,0.0,17.414262942484825,36552602.39141197
17,A. Pavlović,Bayern München,Bundesliga,LDMF,21,1495,0.8675219240768762,Defensive Midfielder,,0.06044841621035076,-0.08024996897280211,0.11570247279433858,1.9640752941781474,0.84,0.3444617626425428,792380,792380,Bayern Munich,2029-06-30,-0.26658455612805765,17.56085374023548,1164.0,38.23915900131406,3.669675202288949,0.692,-0.36816932336446756,17.378868677657586,35281477.85916304
18,E. Anderson,Nottingham Forest,Premier League,LDMF,23,3041,0.7981332517104146,Defensive Midfielder,,1.6235287551061188,-0.520541130253678,0.23235793387135623,1.4165063744616875,1.0,0.7981332517104146,567576,567576,Nottingham Forest,2029-06-30,0.06273777181007627,17.087090446323042,1164.0,38.23915900131406,3.669675202288949,1.0,0.0,17.370411670286924,34984360.27450474
19,A. Onana,Aston Villa,Premier League,RDMF,24,1721,-0.07782872746274799,Defensive Midfielder,,-1.2709933769921469,-0.4901274630595606,1.112444739346134,-0.7179521646389668,1.0,-0.07782872746274799,485706,485706,Aston Villa,2029-06-30,0.12741927790807905,17.29096471023292,1164.0,38.23915900131406,3.669675202288949,1.0,0.0,17.36461823362618,34782266.57292188
20,Y. Tielemans,Aston Villa,Premier League,LDMF,28,1442,0.035947367803853436,Defensive Midfielder,,1.155478490174634,0.48011098409133895,-0.774018591750396,0.35374389774925497,1.0,0.035947367803853436,249565,249565,Aston Villa,2027-06-30,-0.127834681569453,17.29096471023292,433.0,14.224704336399475,2.7229193937948835,1.0,0.0,17.128142310035194,27457291.252144717
1,Rúben Dias,Manchester City,Premier League,RCB,28,2286,0.9648960029768832,Centre-Back,,,0.38737145484929153,0.8551866098187797,1.20412721436383,1.0,0.9648960029768832,258004,258004,Manchester City,2029-06-30,-0.07609190111257072,18.080200485933613,1164.0,38.23915900131406,3.669675202288949,1.0,0.0,18.014235837613747,66601378.77434011
2,Raúl Asencio,Real Madrid,La Liga,RCB,23,1465,0.16702895219340827,Centre-Back,,,-0.0849020481128,-0.24714960722745669,0.7947027514098166,0.849,-0.324059325818961,935245,935245,Real Madrid,2031-06-30,0.006633894140016255,18.307352058645364,1894.0,62.22076215505913,4.146632762315233,0.779,-0.24974423311138874,17.9508533623579,62511016.44898753
3,Dean Huijsen,Real Madrid,La Liga,LCB,20,1732,1.0315696016439284,Centre-Back,,,0.9514954752612708,0.36190145561609915,1.999677542595493,0.849,0.5404813236315591,890290,890290,Real Madrid,2030-06-30,-0.2835846521006963,18.307352058645364,1529.0,50.22996057818659,3.936324528444404,0.779,-0.24974423311138874,17.936920855803457,61646120.37838437
4,J. Gvardiol,Manchester City,Premier League,LCB,24,1433,0.34794131789847577,Centre-Back,,,1.1014055996387893,-0.29825240971569605,1.1634374599558195,1.0,0.34794131789847577,475959,475959,Manchester City,2028-06-30,0.0483907322244054,18.080200485933613,799.0,26.248357424441522,3.3049932412903154,1.0,0.0,17.92391629039061,60849629.60673924
5,Gerard Martín,Barcelona,La Liga,LCB,24,1589,0.928658663357031,Centre-Back,,,-0.22131436095630944,1.065751489780679,0.8970936290822964,0.849,0.43757038534466164,705395,705395,FC Barcelona,2028-06-30,0.0483907322244054,18.05233076843313,799.0,26.248357424441522,3.3049932412903154,0.779,-0.24974423311138874,17.91063942449004,60047076.71704256
6,W. Saliba,Arsenal,Premier League,RCB,24,2331,0.37318431253209183,Centre-Back,,,-0.675710904212401,0.018078972994593726,1.0303198285491597,1.0,0.37318431253209183,495666,495666,Arsenal FC,2027-06-30,0.0483907322244054,18.09650756291817,433.0,14.224704336399475,2.7229193937948835,1.0,0.0,17.906277280308974,59785713.177913874
7,Éder Militão,Real Madrid,La Liga,RCB,27,1103,0.11045512102060764,Centre-Back,,,-0.6021991117964062,0.041847107506785955,0.3102743164427835,0.849,-0.3806331569917617,401530,401530,Real Madrid,2028-06-30,0.0,18.307352058645364,799.0,26.248357424441522,3.3049932412903154,0.779,-0.24974423311138874,17.874490484919075,57915203.19921651
8,Gabriel Magalhaes,Arsenal,Premier League,LCB,28,2433,0.356144599368456,Centre-Back,,,0.16129282185599977,0.5077738040533595,0.16736741803465913,1.0,0.356144599368456,435338,435338,Arsenal FC,2029-06-30,-0.07609190111257072,18.09650756291817,1164.0,38.23915900131406,3.669675202288949,1.0,0.0,17.86495791330786,57365745.41095815
9,I. Konaté,Liverpool,Premier League,RCB,26,2768,0.581673686970925,Centre-Back,,,0.34750456404207286,0.5118364888183833,0.7148938447501066,1.0,0.581673686970925,357119,357119,Liverpool FC,2026-06-30,0.04569615761797066,18.028131861110747,68.0,2.2339027595269383,1.17368969252937,1.0,0.0,17.79768474796196,53633517.009979144
10,Eric García,Barcelona,La Liga,LCB,25,2381,0.7108989779904494,Centre-Back,,,-0.40712121270606966,0.1225362209706392,1.711134372403967,0.849,0.21981069997808012,466794,466794,FC Barcelona,2026-06-30,0.06161894420491465,18.05233076843313,68.0,2.2339027595269383,1.17368969252937,0.779,-0.24974423311138874,17.72127715068008,49688155.89429764
11,I. Zabarnyi,PSG,Ligue 1,RCB,23,1924,0.7442862228076177,Centre-Back,,,-0.11877291213994888,0.36532599634670737,1.4089521370299996,0.856,0.2778315142864327,659089,659089,Paris Saint-Germain,2030-06-30,0.006633894140016255,17.88209232320902,1529.0,50.22996057818659,3.936324528444404,0.583,-0.5395680926316447,17.712687580082406,49263183.74839276
12,W. Pacho,PSG,Ligue 1,LCB,24,1701,0.6080776453666945,Centre-Back,,,-1.3444811072942255,1.5795957284193827,-0.5008683657570145,0.856,0.14162293684550953,661171,661171,Paris Saint-Germain,2029-06-30,0.0483907322244054,17.88209232320902,1164.0,38.23915900131406,3.669675202288949,0.583,-0.5395680926316447,17.691811625448935,48245428.03213282
13,W. Fofana,Chelsea,Premier League,RCB,25,1432,0.07435652989620334,Centre-Back,,,0.4605338170823322,-0.4275173566686749,0.736151041105154,1.0,0.07435652989620334,475411,475411,Chelsea FC,2029-06-30,0.06161894420491465,17.78310341454723,1164.0,38.23915900131406,3.669675202288949,1.0,0.0,17.626239887370446,45183380.420247264
14,T. Chalobah,Chelsea,Premier League,LCB,26,2867,0.04766134090356133,Centre-Back,,,-1.2508453413122733,0.15690060266780192,0.077106207271194,1.0,0.04766134090356133,346314,346314,Chelsea FC,2028-06-30,0.04569615761797066,17.78310341454723,799.0,26.248357424441522,3.3049932412903154,1.0,0.0,17.582127730031374,43233565.47157043
15,Pau Cubarsí,Barcelona,La Liga,RCB,19,2314,0.8429833731860682,Centre-Back,,,-0.520652253911847,0.5630780129922462,1.4376532630483732,0.849,0.3518950951736989,962110,962110,FC Barcelona,2029-06-30,-0.4332322699648708,18.05233076843313,1164.0,38.23915900131406,3.669675202288949,0.779,-0.24974423311138874,17.52655297019713,40896415.238735616
16,L. Martínez,Manchester United,Premier League,LCB,28,1019,0.6779834886071359,Centre-Back,,,1.5632306758545358,-0.24717165049939033,1.8731698034382593,1.0,0.6779834886071359,480762,480762,Manchester United,2027-06-30,-0.07609190111257072,17.47907220409392,433.0,14.224704336399475,2.7229193937948835,1.0,0.0,17.350323173074564,34288588.94874349
17,M. de Ligt,Manchester United,Premier League,CB,26,1311,0.0766111122807691,Centre-Back,,,-1.7238483330803411,0.9703492012106202,-0.9429490939960026,1.0,0.0766111122807691,326031,326031,Manchester United,2029-06-30,0.04569615761797066,17.47907220409392,1164.0,38.23915900131406,3.669675202288949,1.0,0.0,17.349076685744464,34245875.28360355
18,K. Danso,Tottenham Hotspur,Premier League,RCB,27,1072,0.4810793658801075,Centre-Back,,,0.08296571164194935,0.9070718794109921,-0.07060798855856229,1.0,0.4810793658801075,263236,263236,Tottenham Hotspur,2030-06-30,0.0,17.367846568983698,1529.0,50.22996057818659,3.936324528444404,1.0,0.0,17.341890221831548,34000650.740765154
19,M. Thiaw,Newcastle United,Premier League,RCB,24,2665,0.5505176846371066,Centre-Back,,,0.3142722759323856,0.29169378012522396,0.9540154637547564,1.0,0.5505176846371066,521964,521964,Newcastle United,,0.0483907322244054,17.37085861945369,,14.224704336399475,2.7229193937948835,1.0,0.0,17.321338948511706,33309025.30842741
20,A. Bastoni,Internazionale,Italian Serie A,LCB,26,2154,0.6314274082475653,Centre-Back,,,1.1147512126341004,-0.30354014135114415,1.898049078476217,0.871,0.21708750185866243,315853,315853,Inter Milan,2028-06-30,0.04569615761797066,17.429426973604755,799.0,26.248357424441522,3.3049932412903154,0.841,-0.17316361900918903,17.310271632903948,32942416.24387941
1,F. Valverde,Real Madrid,La Liga,RB,27,2503,0.30092937449843493,Right-Back,0.5746606247686469,-0.31956740445725124,-0.40471950993816574,0.4113774486784532,0.8971563692153202,0.849,-0.19015890351393439,369081,369081,Real Madrid,2029-06-30,0.0,18.307352058645364,1164.0,38.23915900131406,3.669675202288949,0.779,-0.24974423311138874,17.881187857302983,58304384.67364066
2,Matheus Nunes,Manchester City,Premier League,RB,27,2520,0.5448845940007986,Right-Back,-0.6547459209262478,-0.2649029402547551,-0.5465048091493221,1.5785690932466891,0.7497579268390842,1.0,0.5448845940007986,601883,601883,Manchester City,2028-06-30,0.0,18.080200485933613,799.0,26.248357424441522,3.3049932412903154,1.0,0.0,17.86943524834414,57623166.92391449
3,D. Szoboszlai,Liverpool,Premier League,RB,25,2927,0.34963505207277035,Right-Back,1.1583966293310537,0.20219665992231103,-0.3380196050165631,-0.046687820353367916,0.963247874111022,1.0,0.34963505207277035,451276,451276,Liverpool FC,2028-06-30,0.08951352388845475,18.028131861110747,799.0,26.248357424441522,3.3049932412903154,1.0,0.0,17.843215059482286,56131912.52559409
4,J. Timber,Arsenal,Premier League,RB,24,2738,0.19463961143648872,Right-Back,1.5613171960548986,-1.0968058139377326,-0.6969103359185672,0.8957412415373897,0.6391462208293893,1.0,0.19463961143648872,420243,420243,Arsenal FC,2028-06-30,0.049999207131966324,18.09650756291817,799.0,26.248357424441522,3.3049932412903154,1.0,0.0,17.82958234643001,55371874.7287574
5,J. Koundé,Barcelona,La Liga,RB,27,2105,0.5949604770467425,Right-Back,0.8428355829940151,0.35847694995994644,-0.7505699219500256,0.41709798522598024,1.3770901901142119,0.849,0.10387219903437317,411975,411975,FC Barcelona,2030-06-30,0.0,18.05233076843313,1529.0,50.22996057818659,3.936324528444404,0.779,-0.24974423311138874,17.755546454008122,51420447.05802132
6,R. James,Chelsea,Premier League,RB,26,2123,0.644152718050595,Right-Back,-0.2518253542024031,0.4085876375697124,-0.6414228480924405,0.9162869594036603,1.1461775778547767,1.0,0.644152718050595,472423,472423,Chelsea FC,2028-06-30,0.07069142342170438,17.78310341454723,799.0,26.248357424441522,3.3049932412903154,1.0,0.0,17.693660073256257,48334689.66010696
7,C. Bradley,Liverpool,Premier League,RB,22,1029,-0.10328361297363145,Right-Back,-0.8562062042881703,-0.35850035918451995,-0.015113876446155186,-0.03725041733780944,0.1394609996095513,1.0,-0.10328361297363145,624258,624258,Liverpool FC,2029-06-30,-0.22990705512386583,18.028131861110747,1164.0,38.23915900131406,3.669675202288949,1.0,0.0,17.490253789656677,39438528.992655285
8,A. Hakimi,PSG,Ligue 1,RB,27,1204,0.011471582261202012,Right-Back,1.8671895594849182,-0.6405620576343408,-0.9177674709177689,-0.5713602352567255,1.1381247878811196,0.856,-0.45498312625998294,398073,398073,Paris Saint-Germain,2029-06-30,0.0,17.88209232320902,1164.0,38.23915900131406,3.669675202288949,0.583,-0.5395680926316447,17.424205972884998,36917858.89724872
9,J. Stanišić,Bayern München,Bundesliga,RB,25,1608,0.46859163407449655,Right-Back,-0.20412414523193154,-0.41189433512179896,-0.9095928341512566,1.0338262749954812,1.2086094201100808,0.84,-0.05446852735983687,483046,483046,Bayern Munich,2029-06-30,0.08951352388845475,17.56085374023548,1164.0,38.23915900131406,3.669675202288949,0.692,-0.36816932336446756,17.33230818516221,33676411.177125655
10,Diogo Dalot,Manchester United,Premier League,RB,27,2473,0.45654082733922347,Right-Back,-0.05036507084048065,0.6661801535159317,-0.01668577118023461,0.0049040732075834965,0.9757046588600433,1.0,0.45654082733922347,357147,357147,Manchester United,2028-06-30,0.0,17.47907220409392,799.0,26.248357424441522,3.3049932412903154,1.0,0.0,17.321691196218595,33320760.40291974
11,Luis Henrique,Internazionale,Italian Serie A,RWB,24,1522,0.5943128143850267,Right-Back,-0.022455414127688807,0.1217446217146908,-0.9445876922889964,1.0875805125946487,1.1106134837108117,0.871,0.17997290799612387,691316,691316,Inter Milan,2030-06-30,0.049999207131966324,17.429426973604755,1529.0,50.22996057818659,3.936324528444404,0.841,-0.17316361900918903,17.27698568667254,31863945.284107745
12,Pedro Porro,Tottenham Hotspur,Premier League,RB,26,2407,0.2205167805806797,Right-Back,-0.45328563756432555,0.6859412838971082,-0.013731727855689263,-0.21724466628688377,0.4608077138541766,1.0,0.2205167805806797,553875,553875,Tottenham Hotspur,2028-06-30,0.07069142342170438,17.367846568983698,799.0,26.248357424441522,3.3049932412903154,1.0,0.0,17.217894589696584,30035620.632537793
13,M. Gusto,Chelsea,Premier League,RB,22,1954,-0.39955828939664473,Right-Back,0.15109521252144167,-0.7610964153427352,-0.69953772717471,-0.6472280614543746,0.1576108165558347,1.0,-0.39955828939664473,620322,620322,Chelsea FC,2030-06-30,-0.22990705512386583,17.78310341454723,1529.0,50.22996057818659,3.936324528444404,1.0,0.0,17.21478416474226,29942342.231540482
14,A. Diallo,Manchester United,Premier League,RWB,23,2137,-0.00520387279447454,Right-Back,3.0,0.2883610801102998,2.165869410805354,-1.0722289065704453,-0.4073747064381711,1.0,-0.00520387279447454,536835,536835,Manchester United,2030-06-30,-0.05431862111604563,17.47907220409392,1529.0,50.22996057818659,3.936324528444404,1.0,0.0,17.19612997834534,29388969.603200532
15,T. Livramento,Newcastle United,Premier League,RB,23,1328,0.08601705508471902,Right-Back,-1.0576664876500927,0.21965595445737188,0.2730095564488282,-0.5090799754460285,0.6980314261393548,1.0,0.08601705508471902,503981,503981,Newcastle United,2028-06-30,-0.05431862111604563,17.37085861945369,799.0,26.248357424441522,3.3049932412903154,1.0,0.0,17.08439385591087,26281973.815917462
16,M. Wieffer,Brighton,Premier League,RB,26,1747,0.5440678849185101,Right-Back,0.9569363459691315,0.4961467371749028,-0.7475371106284723,1.218096519133062,0.2716971288308546,1.0,0.5440678849185101,415381,415381,Brighton & Hove Albion,2029-06-30,0.07069142342170438,17.029038776505878,1164.0,38.23915900131406,3.669675202288949,1.0,0.0,17.033649468450147,24981583.926809788
17,K. Laimer,Bayern München,Bundesliga,RB,28,1754,0.09253287289578052,Right-Back,0.40824829046386296,-0.7740602906576664,-1.130444627186107,0.699957421774155,0.562309224077894,0.84,-0.43052728853855293,223967,223967,Bayern Munich,2027-06-30,-0.11609365210837368,17.56085374023548,433.0,14.224704336399475,2.7229193937948835,0.692,-0.36816932336446756,17.003992336705963,24251580.214420166
18,Jesús Areso,Athletic Club,La Liga,RB,26,1529,0.8906413602353866,Right-Back,-1.0343891245835635,1.2973327833274535,1.0635704048789536,0.7857788734066488,0.9197897270760382,0.849,0.39955308222301733,488626,488626,Athletic Bilbao,2031-06-30,0.07069142342170438,16.892515551647,1894.0,62.22076215505913,4.146632762315233,0.779,-0.24974423311138874,16.894429450125173,21734891.927766006
19,W. Zaire-Emery,PSG,Ligue 1,RB,20,2289,0.38873111235282526,Right-Back,0.07142255145570711,-0.4882805960091951,-0.49990694985388456,0.8043844619382324,1.053018300620858,0.856,-0.07772359616835972,810092,810092,Paris Saint-Germain,2029-06-30,-0.8207641174920701,17.88209232320902,1164.0,38.23915900131406,3.669675202288949,0.583,-0.5395680926316447,16.868944661421033,21187981.34978985
20,N. Molina,Atlético Madrid,La Liga,RB,27,1183,0.1533570715708222,Right-Back,-0.49803920813282676,0.4555758451308079,-0.5286981045586485,-0.0001670113543192168,0.390949948523074,0.849,-0.3377312064415471,424042,424042,Atlético de Madrid,2027-06-30,0.0,17.261256315887497,433.0,14.224704336399475,2.7229193937948835,0.779,-0.24974423311138874,16.866809537066665,21142790.63585477
1,Álvaro Carreras,Real Madrid,La Liga,LB,23,2158,0.22723434153078254,Left-Back,-0.8817746697137561,-0.9289761983178901,-0.7713134854529078,0.5943064218229724,1.3413551553144731,0.849,-0.2638539364815868,811778,811778,Real Madrid,2031-06-30,0.06519953246300458,18.307352058645364,1894.0,62.22076215505913,4.146632762315233,0.779,-0.24974423311138874,17.871068624586528,57717364.14458783
2,P. Hincapié,Arsenal,Premier League,LB,24,1672,0.4180243346797006,Left-Back,-0.6825997762174207,-0.6446433566567525,-1.204982698091244,1.3055577259616606,1.1404870489179535,1.0,0.4180243346797006,659813,659813,Arsenal FC,2026-06-30,0.10123642051223963,18.09650756291817,68.0,2.2339027595269383,1.17368969252937,1.0,0.0,17.71496353123856,49375432.03575703
3,Nuno Mendes,PSG,Ligue 1,LB,23,1333,1.1291895203750673,Left-Back,3.0,0.5488050581230158,0.2726738310168326,1.0433338516894564,1.6724023907859769,0.856,0.6627348118538823,616341,616341,Paris Saint-Germain,2029-06-30,0.06519953246300458,17.88209232320902,1164.0,38.23915900131406,3.669675202288949,0.583,-0.5395680926316447,17.702409159851513,48759429.37842735
4,R. Calafiori,Arsenal,Premier League,LB,23,1605,-0.43125787043049957,Left-Back,2.918361362088972,-1.5130165832439124,-0.2987323425478622,-0.6217275568747542,0.05823236197747478,1.0,-0.43125787043049957,502821,502821,Arsenal FC,2029-06-30,0.06519953246300458,18.09650756291817,1164.0,38.23915900131406,3.669675202288949,1.0,0.0,17.623707720708474,45069113.303419285
5,M. Kerkez,Liverpool,Premier League,LB,22,2255,-0.13923145203979387,Left-Back,0.8606692830567476,-0.614840945753143,-0.7167748443966149,-0.16749840521578493,0.31124108750017154,1.0,-0.13923145203979387,730861,730861,Liverpool FC,2030-06-30,-0.008741628504058983,18.028131861110747,1529.0,50.22996057818659,3.936324528444404,1.0,0.0,17.601080873068774,44060791.9296741
6,Marc Cucurella,Chelsea,Premier League,LB,27,2331,0.45048322830614257,Left-Back,0.34624626329869146,-0.06213294433511383,-1.218864482104488,0.9031190464258162,0.9988496183589681,1.0,0.45048322830614257,284857,284857,Chelsea FC,2028-06-30,0.0,17.78310341454723,799.0,26.248357424441522,3.3049932412903154,1.0,0.0,17.510954197185256,40263431.06350975
7,Alejandro Balde,Barcelona,La Liga,LB,22,1669,0.14149676646498574,Left-Back,-0.8817746697137561,-0.05284719744031847,0.36407477558022877,0.6987657356632541,-0.15746632982081976,0.849,-0.34959151154738355,636688,636688,FC Barcelona,2028-06-30,-0.008741628504058983,18.05233076843313,799.0,26.248357424441522,3.3049932412903154,0.779,-0.24974423311138874,17.51072179039904,40254074.65618257
8,P. Dorgu,Manchester United,Premier League,LWB,21,1484,0.46014129069209087,Left-Back,1.6323038126938318,1.0181420182087793,2.1058666677556084,0.7609385685634867,-1.0495921394646746,1.0,0.46014129069209087,926952,926952,Manchester United,2030-06-30,-0.12239491767365393,17.47907220409392,1529.0,50.22996057818659,3.936324528444404,1.0,0.0,17.1925085611702,29282732.364705343
9,I. Maatsen,Aston Villa,Premier League,LB,24,1412,0.3159143257489492,Left-Back,0.08903475341966352,-0.4629610954843651,0.5943934624549224,0.9338839033336467,0.29199448234490344,1.0,0.3159143257489492,485585,485585,Aston Villa,2030-06-30,0.10123642051223963,17.29096471023292,1529.0,50.22996057818659,3.936324528444404,1.0,0.0,17.16869287236002,28593582.781950027
10,L. Hernández,PSG,Ligue 1,LB,30,1369,0.36593287951625225,Left-Back,-0.4687677511779023,-1.2313003660316717,-0.9463721273800656,0.8080100889635883,1.831435148773318,0.856,-0.10052182900493273,281963,281963,Paris Saint-Germain,2028-06-30,-0.37729208652340074,17.88209232320902,799.0,26.248357424441522,3.3049932412903154,0.583,-0.5395680926316447,17.11923765130527,27213878.804689214
11,D. Spence,Tottenham Hotspur,Premier League,LB,25,2023,-0.11481074242997297,Left-Back,0.34624626329869146,-0.21085640939363745,0.5400503425666147,-0.1406779469535622,-0.3040353447236367,1.0,-0.11481074242997297,483348,483348,Tottenham Hotspur,2029-06-30,0.10117689092834878,17.367846568983698,1164.0,38.23915900131406,3.669675202288949,1.0,0.0,17.102286303425927,26756454.807851583
12,L. Hall,Newcastle United,Premier League,LB,21,1997,0.6155745968593047,Left-Back,-0.16817675645936458,-0.36816795595867163,0.41935272919385536,0.7204927069505236,1.5264744622246609,1.0,0.6155745968593047,670858,670858,Newcastle United,,-0.12239491767365393,17.37085861945369,,14.224704336399475,2.7229193937948835,1.0,0.0,17.059384231541447,25632822.86938955
13,A. Cambiaso,Juventus,Italian Serie A,LWB,26,2302,0.3557698511752293,Left-Back,0.9424875402905487,0.43916639648833694,-0.0429292234513093,0.5406750141108935,0.13648097716826835,0.871,-0.05857005521367353,459658,459658,Juventus FC,2029-06-30,0.06682879899603467,17.33554861684095,1164.0,38.23915900131406,3.669675202288949,0.841,-0.17316361900918903,17.052707640332045,25462253.035695713
14,N. Williams,Nottingham Forest,Premier League,LB,24,2873,0.40553360926231624,Left-Back,0.34624626329869146,0.404210301283282,1.3442696086474515,0.36906827431447803,0.14007092539157545,1.0,0.40553360926231624,503680,503680,Nottingham Forest,2029-06-30,0.10123642051223963,17.087090446323042,1164.0,38.23915900131406,3.669675202288949,1.0,0.0,16.997341889793645,24090831.48557979
15,F. Dimarco,Internazionale,Italian Serie A,LWB,28,2386,0.5513465099030578,Left-Back,2.8080298880821504,1.5959409797607098,-1.1557209900346737,-0.9526274370756752,1.3777336689498094,0.871,0.13700660351415495,198116,198116,Inter Milan,2027-06-30,-0.09750165077505257,17.429426973604755,433.0,14.224704336399475,2.7229193937948835,0.841,-0.17316361900918903,16.99277255001935,23981003.40308014
16,T. Bischof,Bayern München,Bundesliga,LB,20,1081,0.1509489941559925,Left-Back,0.4074406768332536,-0.6287766905673476,-1.1256410766370224,0.540485018442508,0.7939657836237219,0.84,-0.3721111672783409,822959,822959,Bayern Munich,2029-06-30,-0.27756819033048274,17.56085374023548,1164.0,38.23915900131406,3.669675202288949,0.692,-0.36816932336446756,16.87920487182717,21406493.57026922
17,M. De Cuyper,Brighton,Premier League,LB,25,1302,0.056906253074756885,Left-Back,0.6034577731777198,1.2268105771349265,-0.9813731296965256,-1.1132198824634634,0.5071133261361027,1.0,0.056906253074756885,429915,429915,Brighton & Hove Albion,2030-06-30,0.10117689092834878,17.029038776505878,1529.0,50.22996057818659,3.936324528444404,1.0,0.0,16.87075620141722,21226399.012503535
18,F. Kadıoğlu,Brighton,Premier League,LB,26,2785,0.2729088061446931,Left-Back,-0.16817675645936458,0.30610369823851685,-0.6100386409076941,0.36618940655921367,0.5197958717701249,1.0,0.2729088061446931,369316,369316,Brighton & Hove Albion,2028-06-30,0.06682879899603467,17.029038776505878,799.0,26.248357424441522,3.3049932412903154,1.0,0.0,16.859387871144136,20986456.75359526
19,M. Araújo,Sporting CP,Primeira Liga,LB,26,1766,0.5516162454615334,Left-Back,3.0,0.9604514980446193,-0.12681102687103735,0.5290411076508214,0.051573804474119855,0.703,-0.5055789160528832,572675,572675,Sporting CP,2029-06-30,0.06682879899603467,17.167008271074156,1164.0,38.23915900131406,3.669675202288949,0.611,-0.49265831981054176,16.769033544373222,19173382.449039117
20,A. Truffert,Bournemouth,Premier League,LB,24,3068,0.3787090837784391,Left-Back,-0.9398112860964487,0.10231874563318406,-0.09670226325090167,0.4493403964626101,0.9166268968709088,1.0,0.3787090837784391,654539,654539,AFC Bournemouth,2030-06-30,0.10123642051223963,16.75061820970183,1529.0,50.22996057818659,3.936324528444404,1.0,0.0,16.71452518330714,18156245.84749688
